Runs,Mins,BF,4s,6s,SR,Pos,Dismissal,Inns,Opposition,Ground,Start Date,Venue Country,Match Type,MOM
26*,30,21,3,1,123.8,5,not out,2,v Zimbabwe,Harare,12/6/10,Zimbabwe,T20I,No
DNB,-,-,-,-,-,-,-,2,v Zimbabwe,Harare,6/13/10,Zimbabwe,T20I,No
28,28,19,5,0,147.36,1,bowled,1,v South Africa,Durban,9/1/11,South Africa,T20I,No
14,15,12,2,0,116.66,3,caught,1,v West Indies,Port of Spain,4/6/11,West Indies,T20I,No
4,5,5,0,0,80,4,caught,1,v England,Manchester,8/31/11,England,T20I,No
15,21,16,3,0,93.75,3,caught,1,v England,Eden Gardens,10/29/11,India,T20I,No
22,30,21,0,1,104.76,3,caught,2,v Australia,Sydney,1/2/12,Australia,T20I,No
31,29,24,3,0,129.16,3,caught,2,v Australia,Melbourne,3/2/12,Australia,T20I,No
DNB,-,-,-,-,-,-,-,2,v South Africa,Johannesburg,3/30/12,South Africa,T20I,No
68,65,48,11,1,141.66,3,caught,1,v Sri Lanka,Pallekele,7/8/12,Sri Lanka,T20I,Yes
70,67,41,10,1,170.73,2,caught,2,v New Zealand,Chennai,11/9/12,India,T20I,Yes
50,60,39,4,2,128.2,3,caught,1,v Afghanistan,Colombo (RPS),9/19/12,Sri Lanka,T20I,No
40,33,32,6,0,125,3,caught,1,v England,Colombo (RPS),9/23/12,Sri Lanka,T20I,No
15,18,13,2,0,115.38,3,caught,1,v Australia,Colombo (RPS),9/28/12,Sri Lanka,T20I,No
78*,61,61,8,2,127.86,3,not out,2,v Pakistan,Colombo (RPS),9/30/12,Sri Lanka,T20I,Yes
2,5,6,0,0,33.33,3,caught,1,v South Africa,Colombo (RPS),2/10/12,Sri Lanka,T20I,No
21,35,17,2,0,123.52,3,bowled,2,v England,Pune,12/20/12,India,T20I,No
38,25,20,7,0,190,3,lbw,1,v England,Wankhede,12/22/12,India,T20I,No
9,15,11,1,0,81.81,3,caught,1,v Pakistan,Bengaluru,12/25/12,India,T20I,No
27,31,22,3,0,122.72,3,run out,1,v Pakistan,Ahmedabad,12/28/12,India,T20I,No
29,26,22,2,1,131.81,4,caught,2,v Australia,Rajkot,10/10/13,India,T20I,No
36*,45,32,4,1,112.5,3,not out,2,v Pakistan,Mirpur,3/21/14,Bangladesh,T20I,No
54,51,41,5,1,131.7,3,bowled,2,v West Indies,Mirpur,3/23/14,Bangladesh,T20I,Yes
57*,66,50,3,1,114,3,not out,2,v Bangladesh,Mirpur,3/28/14,Bangladesh,T20I,Yes
23,23,22,2,1,104.54,3,caught,1,v Australia,Mirpur,3/30/14,Bangladesh,T20I,No
72*,67,44,5,2,163.63,3,not out,2,v South Africa,Mirpur,4/4/14,Bangladesh,T20I,Yes
77,75,58,5,4,132.75,3,run out,1,v Sri Lanka,Mirpur,6/4/14,Bangladesh,T20I,Yes
66,54,41,9,1,160.97,3,caught,2,v England,Birmingham,7/9/14,England,T20I,Yes
43,58,27,1,3,159.25,3,caught,1,v South Africa,Dharamsala,2/10/15,India,T20I,No
1,3,1,0,0,100,3,run out,1,v South Africa,Cuttack,5/10/15,India,T20I,No
90*,71,55,9,2,163.63,3,not out,1,v Australia,Adelaide,1/26/16,Australia,T20I,Yes
59*,44,33,7,1,178.78,3,not out,1,v Australia,Melbourne,1/29/16,Australia,T20I,Yes
50,49,36,2,1,138.88,3,bowled,2,v Australia,Sydney,1/31/16,Australia,T20I,No
7,13,12,1,0,58.33,3,caught,1,v Bangladesh,Mirpur,2/24/16,Bangladesh,T20I,No
49,71,51,7,0,96.07,3,lbw,2,v Pakistan,Mirpur,2/27/16,Bangladesh,T20I,No
56*,85,47,7,0,119.14,3,not out,2,v Sri Lanka,Mirpur,1/3/16,Bangladesh,T20I,Yes
DNB,-,-,-,-,-,-,-,2,v U.A.E.,Mirpur,3/3/16,Bangladesh,T20I,No
41*,62,28,5,0,146.42,3,not out,2,v Bangladesh,Mirpur,6/3/16,Bangladesh,T20I,No
23,56,27,2,0,85.18,3,caught,2,v New Zealand,Nagpur,3/15/16,India,T20I,No
55*,66,37,7,1,148.64,3,not out,2,v Pakistan,Eden Gardens,3/19/16,India,T20I,Yes
24,37,24,0,1,100,3,bowled,1,v Bangladesh,Bengaluru,3/23/16,India,T20I,No
82*,78,51,9,2,160.78,3,not out,2,v Australia,Mohali,3/27/16,India,T20I,Yes
89*,63,47,11,1,189.36,3,not out,1,v West Indies,Wankhede,3/31/16,India,T20I,Yes
16,8,9,3,0,177.77,3,caught,2,v West Indies,Lauderhill,8/27/16,USA,T20I,No
DNB,-,-,-,-,-,-,-,2,v West Indies,Lauderhill,8/28/16,USA,T20I,No
29,34,26,4,0,111.53,1,caught,1,v England,Kanpur,1/26/17,India,T20I,No
21,17,15,2,1,140,1,caught,1,v England,Nagpur,1/29/17,India,T20I,No
2,6,4,0,0,50,1,run out,1,v England,Bengaluru,1/2/17,India,T20I,No
39,19,22,7,1,177.27,1,caught,1,v West Indies,Kingston,9/7/17,West Indies,T20I,No
82,19,54,7,1,151.85,3,caught,2,v Sri Lanka,Colombo (RPS),6/9/17,Sri Lanka,T20I,Yes
22*,19,14,3,0,157.14,3,not out,2,v Australia,Ranchi,7/10/17,India,T20I,No
0,2,2,0,0,0,3,caught,1,v Australia,Guwahati,10/10/17,India,T20I,No
26*,19,11,0,3,236.36,4,not out,1,v New Zealand,Delhi,1/11/17,India,T20I,No
65,59,42,8,1,154.76,4,caught,2,v New Zealand,Rajkot,4/11/17,India,T20I,Yes
13,6,6,1,1,216.66,3,caught,1,v New Zealand,Thiruvananthapuram,7/11/17,India,T20I,No
26,26,20,2,1,130,4,lbw,1,v South Africa,Johannesburg,2/18/18,South Africa,T20I,No
1,6,5,0,0,20,4,caught,1,v South Africa,Centurion,2/21/18,South Africa,T20I,No
0,1,2,0,0,0,6,caught,1,v Ireland,Dublin (Malahide),6/27/18,Ireland,T20I,No
9,5,8,1,0,112.5,2,caught,1,v Ireland,Dublin (Malahide),6/29/18,Ireland,T20I,No
20*,56,22,0,1,90.9,4,not out,2,v England,Manchester,3/7/18,England,T20I,No
47,64,38,1,2,123.68,4,caught,1,v England,Cardiff,6/7/18,England,T20I,No
43,45,29,2,2,148.27,4,caught,2,v England,Bristol,8/7/18,England,T20I,No
4,5,8,0,0,50,4,caught,2,v Australia,Brisbane,11/21/18,Australia,T20I,No
TDNB,0,-,-,-,-,-,-,-,v Australia,Melbourne,11/23/18,Australia,T20I,No
61*,25,41,4,2,148.78,3,not out,2,v Australia,Sydney,11/25/18,Australia,T20I,Yes
24,25,17,3,0,141.17,3,caught,1,v Australia,Visakhapatnam,2/24/19,India,T20I,No
72*,63,38,2,6,189.47,3,not out,1,v Australia,Bengaluru,2/27/19,India,T20I,Yes
19,45,29,1,0,65.51,3,caught,2,v West Indies,Lauderhill,3/8/19,USA,T20I,No
28,56,23,1,1,121.73,3,bowled,1,v West Indies,Lauderhill,4/8/19,USA,T20I,No
59,67,45,6,0,131.11,3,caught,2,v West Indies,Providence,6/8/19,West Indies,T20I,Yes
72*,66,52,4,3,138.46,3,not out,2,v South Africa,Mohali,9/18/19,India,T20I,Yes
9,28,15,0,0,60,3,caught,1,v South Africa,Bengaluru,9/22/19,India,T20I,No
94*,89,50,6,6,188,3,not out,2,v West Indies,Hyderabad (Deccan),6/12/19,India,T20I,Yes
19,10,17,2,0,111.76,4,caught,1,v West Indies,Thiruvananthapuram,8/12/19,India,T20I,No
70*,-,29,4,7,241.37,4,not out,1,v West Indies,Wankhede,11/12/19,India,T20I,Yes
TDNB,-,-,-,-,-,-,-,-,v Sri Lanka,Guwahati,5/1/20,India,T20I,No
30*,67,17,1,2,176.47,4,not out,2,v Sri Lanka,Indore,7/1/20,India,T20I,No
26,34,17,2,1,152.94,6,run out,1,v Sri Lanka,Pune,10/1/20,India,T20I,No
45,58,32,3,1,140.62,3,caught,2,v New Zealand,Auckland,1/24/20,New Zealand,T20I,No
11,21,12,1,0,91.66,3,caught,2,v New Zealand,Auckland,1/26/20,New Zealand,T20I,No
38,31,27,2,1,140.74,4,caught,1,v New Zealand,Hamilton,1/29/20,New Zealand,T20I,No
11,16,9,2,0,122.22,3,caught,1,v New Zealand,Wellington,1/31/20,New Zealand,T20I,No
9,,9,1,0,100,3,caught,1,v Australia,Canberra,4/12/20,Australia,T20I,No
40,90,24,2,2,166.66,3,caught,2,v Australia,Sydney,6/12/20,Australia,T20I,No
85,88,61,4,3,139.34,3,caught,2,v Australia,Sydney,8/12/20,Australia,T20I,Yes
0,6,5,0,0,0,3,caught,1,v England,Ahmedabad,12/3/21,India,T20I,No
73*,85,49,5,3,148.97,3,not out,2,v England,Ahmedabad,3/14/21,India,T20I,Yes
77*,80,46,8,4,167.39,4,not out,1,v England,Ahmedabad,3/16/21,India,T20I,Yes
1,3,5,0,0,20,4,stumped,1,v England,Ahmedabad,3/18/21,India,T20I,No
80*,103,52,7,2,153.84,2,not out,1,v England,Ahmedabad,3/20/21,India,T20I,Yes
57,94,49,5,1,116.32,3,caught,1,v Pakistan,Dubai (DSC),10/24/21,UAE,T20I,Yes
9,20,17,0,0,52.94,4,caught,1,v New Zealand,Dubai (DSC),10/31/21,UAE,T20I,No
DNB,-,-,-,-,-,-,-,1,v Afghanistan,Abu Dhabi,3/11/21,UAE,T20I,No
2*,7,2,0,0,100,3,not out,2,v Scotland,Dubai (DSC),5/11/21,UAE,T20I,No
DNB,-,-,-,-,-,-,-,2,v Namibia,Dubai (DSC),8/11/21,UAE,T20I,No
17,25,13,1,0,130.76,3,caught,2,v West Indies,Eden Gardens,2/16/22,India,T20I,No
52,57,41,7,1,126.82,3,bowled,1,v West Indies,Eden Gardens,2/18/22,India,T20I,Yes
1,8,3,0,0,33.33,3,caught,1,v England,Birmingham,9/7/22,England,T20I,No
11,8,6,1,1,183.33,3,caught,2,v England,Nottingham,10/7/22,England,T20I,No
35,47,34,3,1,102.94,3,caught,2,v Pakistan,Dubai (DSC),8/28/22,UAE,T20I,No
59*,74,44,1,3,134.09,3,not out,1,v Hong Kong,Dubai (DSC),8/31/22,UAE,T20I,Yes
60,77,44,4,1,136.36,3,run out,1,v Pakistan,Dubai (DSC),4/9/22,UAE,T20I,Yes
0,6,4,0,0,0,3,bowled,1,v Sri Lanka,Dubai (DSC),6/9/22,UAE,T20I,No
122*,90,61,12,6,200,2,not out,1,v Afghanistan,Dubai (DSC),8/9/22,UAE,T20I,Yes
2,12,7,0,0,28.57,3,caught,1,v Australia,Mohali,9/20/22,India,T20I,No
11,67,6,2,0,183.33,3,bowled,2,v Australia,Nagpur,9/23/22,India,T20I,No
63,89,48,3,4,131.25,3,caught,2,v Australia,Hyderabad (Deccan),9/25/22,India,T20I,Yes
3,19,9,0,0,33.33,3,caught,2,v South Africa,Thiruvananthapuram,9/28/22,India,T20I,No
49*,56,28,7,1,175,3,not out,1,v South Africa,Guwahati,2/10/22,India,T20I,No
82*,98,53,6,4,154.71,3,not out,2,v Pakistan,Melbourne,10/23/22,Australia,T20I,Yes
62*,79,44,3,2,140.9,3,not out,1,v Netherlands,Sydney,10/27/22,Australia,T20I,Yes
12,13,11,2,0,109.09,3,caught,1,v South Africa,Perth,10/30/22,Australia,T20I,No
64*,84,44,8,1,145.45,3,not out,1,v Bangladesh,Adelaide,2/11/22,Australia,T20I,Yes
26,36,25,2,0,104,3,caught,1,v Zimbabwe,Melbourne,6/11/22,Australia,T20I,No
4,13,10,1,0,40,5,caught,1,v West Indies,Kingston,6/20/11,West Indies,Test,No
15,72,54,2,0,27.77,5,caught,3,v West Indies,Kingston,6/20/11,West Indies,Test,No
0,1,2,0,0,0,5,caught,1,v West Indies,Bridgetown,6/28/11,West Indies,Test,No
27,118,107,1,1,25.23,5,caught,3,v West Indies,Bridgetown,6/28/11,West Indies,Test,No
30,62,53,2,0,56.6,5,caught,2,v West Indies,Roseau,6/7/11,West Indies,Test,No
DNB,-,-,-,-,-,-,-,4,v West Indies,Roseau,6/7/11,West Indies,Test,No
52,154,111,5,0,46.84,6,caught,2,v West Indies,Wankhede,11/22/11,India,Test,No
63,136,114,3,1,55.26,6,caught,4,v West Indies,Wankhede,11/22/11,India,Test,No
11,28,21,1,0,52.38,7,caught,2,v Australia,Melbourne,12/26/11,Australia,Test,No
0,3,1,0,0,0,6,lbw,4,v Australia,Melbourne,12/26/11,Australia,Test,No
23,50,41,3,0,56.09,6,caught,1,v Australia,Sydney,3/1/12,Australia,Test,No
9,35,24,2,0,37.5,6,lbw,3,v Australia,Sydney,3/1/12,Australia,Test,No
44,107,81,6,0,54.32,6,caught,1,v Australia,Perth,1/13/12,Australia,Test,No
75,191,136,9,0,55.14,6,caught,3,v Australia,Perth,1/13/12,Australia,Test,No
116,237,213,11,1,54.46,6,lbw,2,v Australia,Adelaide,1/24/12,Australia,Test,Yes
22,96,62,2,0,35.48,6,run out,4,v Australia,Adelaide,1/24/12,Australia,Test,No
58,143,107,8,0,54.2,5,caught,1,v New Zealand,Hyderabad (Deccan),8/23/12,India,Test,No
103,284,193,14,1,53.36,5,lbw,2,v New Zealand,Bengaluru,8/31/12,India,Test,Yes
51*,130,82,9,0,62.19,5,not out,4,v New Zealand,Bengaluru,8/31/12,India,Test,No
19,70,67,3,0,28.35,5,bowled,1,v England,Ahmedabad,11/15/12,India,Test,No
14*,17,21,3,0,66.66,3,not out,4,v England,Ahmedabad,11/15/12,India,Test,No
19,65,55,3,0,34.54,5,caught,1,v England,Wankhede,11/23/12,India,Test,No
7,16,13,1,0,53.84,5,caught,3,v England,Wankhede,11/23/12,India,Test,No
6,31,24,1,0,25,5,caught,1,v England,Eden Gardens,5/12/12,India,Test,No
20,86,60,3,0,33.33,5,caught,3,v England,Eden Gardens,5/12/12,India,Test,No
103,356,295,11,0,34.91,5,lbw,2,v England,Nagpur,12/13/12,India,Test,Yes
107,266,206,15,1,51.94,5,caught,2,v Australia,Chennai,2/22/13,India,Test,Yes
DNB,-,-,-,-,-,-,-,4,v Australia,Chennai,2/22/13,India,Test,No
34,119,92,3,0,36.95,5,caught,2,v Australia,Hyderabad (Deccan),2/3/13,India,Test,No
67*,157,129,7,1,51.93,5,not out,2,v Australia,Mohali,3/14/13,India,Test,No
34,80,61,6,0,55.73,3,caught,4,v Australia,Mohali,3/14/13,India,Test,No
1,11,8,0,0,12.5,3,lbw,2,v Australia,Delhi,3/22/13,India,Test,No
41,76,60,4,0,68.33,3,lbw,4,v Australia,Delhi,3/22/13,India,Test,No
3,13,5,0,0,60,5,caught,2,v West Indies,Eden Gardens,6/11/13,India,Test,No
57,80,78,5,0,73.07,5,caught,2,v West Indies,Wankhede,11/14/13,India,Test,No
119,257,181,18,0,65.74,4,caught,1,v South Africa,Johannesburg,12/18/13,South Africa,Test,Yes
96,254,193,9,0,49.74,4,caught,3,v South Africa,Johannesburg,12/18/13,South Africa,Test,No
46,114,87,5,0,52.87,4,caught,1,v South Africa,Durban,12/26/13,South Africa,Test,No
11,26,27,1,0,40.74,4,caught,3,v South Africa,Durban,12/26/13,South Africa,Test,No
4,17,13,1,0,30.76,4,caught,2,v New Zealand,Auckland,6/2/14,New Zealand,Test,No
67,131,102,12,0,65.68,4,caught,4,v New Zealand,Auckland,6/2/14,New Zealand,Test,No
38,131,93,4,0,40.86,5,caught,2,v New Zealand,Wellington,2/14/14,New Zealand,Test,No
105*,195,135,15,1,77.77,4,not out,4,v New Zealand,Wellington,2/14/14,New Zealand,Test,Yes
1,6,8,0,0,12.5,4,caught,1,v England,Nottingham,9/7/14,England,Test,No
8,39,29,1,0,27.58,4,lbw,3,v England,Nottingham,9/7/14,England,Test,No
25,39,34,4,0,73.52,4,caught,1,v England,Lord's,7/17/14,England,Test,No
0,1,1,0,0,0,4,bowled,3,v England,Lord's,7/17/14,England,Test,No
39,119,75,3,0,52,4,caught,2,v England,Southampton,7/27/14,England,Test,No
28,77,56,3,0,50,4,caught,4,v England,Southampton,7/27/14,England,Test,No
0,3,2,0,0,0,4,caught,1,v England,Manchester,7/8/14,England,Test,No
7,15,11,1,0,63.63,4,caught,3,v England,Manchester,7/8/14,England,Test,No
6,34,18,1,0,33.33,4,lbw,1,v England,The Oval,8/15/14,England,Test,No
20,80,54,2,0,37.03,4,caught,3,v England,The Oval,8/15/14,England,Test,No
115,267,184,12,0,62.5,4,caught,2,v Australia,Adelaide,9/12/14,Australia,Test,Yes
141,279,175,16,1,80.57,4,caught,4,v Australia,Adelaide,9/12/14,Australia,Test,Yes
19,50,27,1,0,70.37,4,caught,1,v Australia,Brisbane,12/17/14,Australia,Test,No
1,14,11,0,0,9.09,4,bowled,3,v Australia,Brisbane,12/17/14,Australia,Test,No
169,380,272,18,0,62.13,4,caught,2,v Australia,Melbourne,12/26/14,Australia,Test,Yes
54,134,99,7,0,54.54,4,caught,4,v Australia,Melbourne,12/26/14,Australia,Test,No
147,315,230,20,0,63.91,4,caught,2,v Australia,Sydney,6/1/15,Australia,Test,Yes
46,123,95,3,0,48.42,4,caught,4,v Australia,Sydney,6/1/15,Australia,Test,No
14,17,22,2,0,63.63,4,bowled,1,v Bangladesh,Fatullah,10/6/15,Bangladesh,Test,No
103,266,191,11,0,53.92,4,lbw,2,v Sri Lanka,Galle,12/8/15,Sri Lanka,Test,Yes
3,14,10,0,0,30,5,caught,4,v Sri Lanka,Galle,12/8/15,Sri Lanka,Test,No
78,178,107,8,1,72.89,4,caught,1,v Sri Lanka,Colombo (PSS),8/20/15,Sri Lanka,Test,No
10,33,19,0,0,52.63,4,lbw,3,v Sri Lanka,Colombo (PSS),8/20/15,Sri Lanka,Test,No
18,96,60,3,0,30,4,caught,1,v Sri Lanka,Colombo (SSC),8/28/15,Sri Lanka,Test,No
21,87,63,2,0,33.33,4,caught,3,v Sri Lanka,Colombo (SSC),8/28/15,Sri Lanka,Test,No
1,5,4,0,0,25,4,caught,1,v South Africa,Mohali,5/11/15,India,Test,No
29,92,71,4,0,40.84,4,caught,3,v South Africa,Mohali,5/11/15,India,Test,No
DNB,-,-,-,-,-,-,-,2,v South Africa,Bengaluru,11/14/15,India,Test,No
22,73,55,2,0,40,4,caught,1,v South Africa,Nagpur,11/25/15,India,Test,No
16,49,30,2,0,53.33,4,caught,3,v South Africa,Nagpur,11/25/15,India,Test,No
44,74,62,7,0,70.96,4,caught,1,v South Africa,Delhi,3/12/15,India,Test,No
88,259,165,10,0,53.33,5,lbw,3,v South Africa,Delhi,3/12/15,India,Test,No
200,375,283,24,0,70.67,4,bowled,1,v West Indies,North Sound,7/21/16,,Test,Yes
44,144,90,4,1,48.88,4,caught,2,v West Indies,Kingston,7/30/16,West Indies,Test,No
3,17,8,0,0,37.5,3,caught,1,v West Indies,Gros Islet,9/8/16,West Indies,Test,No
4,21,17,0,0,23.52,3,lbw,3,v West Indies,Gros Islet,9/8/16,West Indies,Test,No
TDNB,-,-,-,-,-,-,-,-,v West Indies,Port of Spain,8/18/16,West Indies,Test,No
9,12,10,2,0,90,4,caught,1,v New Zealand,Kanpur,9/22/16,India,Test,No
18,45,40,3,0,45,4,caught,3,v New Zealand,Kanpur,9/22/16,India,Test,No
9,42,28,1,0,32.14,4,caught,1,v New Zealand,Eden Gardens,9/30/16,India,Test,No
45,82,65,7,0,69.23,4,lbw,3,v New Zealand,Eden Gardens,9/30/16,India,Test,No
211,536,366,20,0,57.65,4,lbw,1,v New Zealand,Indore,8/10/16,India,Test,Yes
17,36,28,1,0,60.71,4,lbw,3,v New Zealand,Indore,8/10/16,India,Test,No
40,135,95,5,0,42.1,4,hit wicket,2,v England,Rajkot,9/11/16,India,Test,No
49*,129,98,6,0,50,4,not out,4,v England,Rajkot,9/11/16,India,Test,No
167,401,267,18,0,62.54,4,caught,1,v England,Visakhapatnam,11/17/16,India,Test,Yes
81,172,109,8,0,74.31,4,caught,3,v England,Visakhapatnam,11/17/16,India,Test,No
62,161,127,9,0,48.81,4,caught,2,v England,Mohali,11/26/16,India,Test,No
6*,11,11,0,0,54.54,4,not out,4,v England,Mohali,11/26/16,India,Test,No
235,515,340,25,1,69.11,4,caught,2,v England,Wankhede,8/12/16,India,Test,Yes
15,44,29,1,0,51.72,4,caught,2,v England,Chennai,12/16/16,India,Test,No
204,295,246,24,0,82.92,4,lbw,1,v Bangladesh,Hyderabad (Deccan),9/2/17,India,Test,Yes
38,51,40,2,1,95,4,caught,3,v Bangladesh,Hyderabad (Deccan),9/2/17,India,Test,No
0,2,2,0,0,0,4,caught,2,v Australia,Pune,2/23/17,India,Test,No
13,33,37,1,0,35.13,4,bowled,4,v Australia,Pune,2/23/17,India,Test,No
12,25,17,2,0,70.58,4,lbw,1,v Australia,Bengaluru,4/3/17,India,Test,No
15,34,25,1,0,60,4,lbw,3,v Australia,Bengaluru,4/3/17,India,Test,No
6,38,23,0,0,26.08,4,caught,2,v Australia,Ranchi,3/16/17,India,Test,No
3,15,8,0,0,37.5,4,caught,1,v Sri Lanka,Galle,7/26/17,Sri Lanka,Test,No
103*,158,136,5,1,75.73,4,not out,3,v Sri Lanka,Galle,7/26/17,Sri Lanka,Test,Yes
13,31,29,2,0,44.82,4,caught,1,v Sri Lanka,Colombo (SSC),3/8/17,Sri Lanka,Test,No
42,119,84,3,0,50,4,caught,1,v Sri Lanka,Pallekele,12/8/17,Sri Lanka,Test,No
0,18,11,0,0,0,4,lbw,1,v Sri Lanka,Eden Gardens,11/16/17,India,Test,No
104*,208,119,12,2,87.39,4,not out,3,v Sri Lanka,Eden Gardens,11/16/17,India,Test,Yes
213,386,267,17,2,79.77,4,caught,2,v Sri Lanka,Nagpur,11/24/17,India,Test,Yes
243,447,287,25,0,84.66,4,lbw,1,v Sri Lanka,Delhi,2/12/17,India,Test,Yes
50,89,58,3,0,86.2,5,caught,3,v Sri Lanka,Delhi,2/12/17,India,Test,No
5,14,13,0,0,38.46,4,caught,2,v South Africa,Cape Town,5/1/18,South Africa,Test,No
28,62,40,4,0,70,4,lbw,4,v South Africa,Cape Town,5/1/18,South Africa,Test,No
153,379,217,15,0,70.5,4,caught,2,v South Africa,Centurion,1/13/18,South Africa,Test,Yes
5,22,20,1,0,25,4,lbw,4,v South Africa,Centurion,1/13/18,South Africa,Test,No
54,146,106,9,0,50.94,4,caught,1,v South Africa,Johannesburg,1/24/18,South Africa,Test,No
41,131,79,6,0,51.89,5,bowled,3,v South Africa,Johannesburg,1/24/18,South Africa,Test,No
149,277,225,22,1,66.22,4,caught,2,v England,Birmingham,1/8/18,England,Test,Yes
51,185,93,4,0,54.83,4,lbw,4,v England,Birmingham,1/8/18,England,Test,No
23,73,57,2,0,40.35,4,caught,1,v England,Lord's,9/8/18,England,Test,No
17,57,29,2,0,58.62,5,caught,3,v England,Lord's,9/8/18,England,Test,No
97,243,152,11,0,63.81,4,caught,1,v England,Nottingham,8/18/18,England,Test,No
103,292,197,10,0,52.28,4,lbw,3,v England,Nottingham,8/18/18,England,Test,Yes
46,100,71,6,0,64.78,4,caught,2,v England,Southampton,8/30/18,England,Test,No
58,170,130,4,0,44.61,4,caught,4,v England,Southampton,8/30/18,England,Test,No
49,112,70,6,0,70,4,caught,2,v England,The Oval,7/9/18,England,Test,No
0,3,1,0,0,0,4,caught,4,v England,The Oval,7/9/18,England,Test,No
139,341,230,10,0,60.43,4,caught,1,v West Indies,Rajkot,4/10/18,India,Test,Yes
45,86,78,5,0,57.69,4,lbw,2,v West Indies,Hyderabad (Deccan),12/10/18,India,Test,No
DNB,-,-,-,-,-,-,-,4,v West Indies,Hyderabad (Deccan),12/10/18,India,Test,No
3,17,16,0,0,18.75,4,caught,1,v Australia,Adelaide,6/12/18,Australia,Test,No
34,132,104,3,0,32.69,4,caught,3,v Australia,Adelaide,6/12/18,Australia,Test,No
123,373,257,13,1,47.85,4,caught,2,v Australia,Perth,12/14/18,Australia,Test,Yes
17,64,40,2,0,42.5,4,caught,4,v Australia,Perth,12/14/18,Australia,Test,No
82,305,204,9,0,40.19,4,caught,1,v Australia,Melbourne,12/26/18,Australia,Test,No
0,6,4,0,0,0,4,caught,3,v Australia,Melbourne,12/26/18,Australia,Test,No
23,64,59,4,0,38.98,4,caught,1,v Australia,Sydney,3/1/19,Australia,Test,No
9,64,12,2,0,75,4,caught,1,v West Indies,North Sound,8/22/19,,Test,No
51,64,113,2,0,45.13,4,caught,3,v West Indies,North Sound,8/22/19,,Test,No
76,211,163,10,0,46.62,4,caught,1,v West Indies,Kingston,8/30/19,West Indies,Test,No
0,3,1,0,0,0,4,caught,3,v West Indies,Kingston,8/30/19,West Indies,Test,No
20,66,40,4,0,50,4,caught,1,v South Africa,Visakhapatnam,2/10/19,India,Test,No
31*,67,25,3,1,124,5,not out,3,v South Africa,Visakhapatnam,2/10/19,India,Test,No
254*,400,336,33,2,75.59,4,not out,1,v South Africa,Pune,10/10/19,India,Test,Yes
12,45,22,2,0,54.54,4,lbw,1,v South Africa,Ranchi,10/19/19,India,Test,No
0,6,2,0,0,0,4,lbw,2,v Bangladesh,Indore,11/14/19,India,Test,No
136,55,194,18,0,70.1,4,caught,2,v Bangladesh,Eden Gardens,11/22/19,India,Test,Yes
2,9,7,0,0,28.57,4,caught,1,v New Zealand,Wellington,2/21/20,New Zealand,Test,No
19,61,43,3,0,44.18,4,caught,3,v New Zealand,Wellington,2/21/20,New Zealand,Test,No
3,23,15,0,0,20,4,lbw,1,v New Zealand,Christchurch,2/29/20,New Zealand,Test,No
14,40,30,3,0,46.66,4,lbw,3,v New Zealand,Christchurch,2/29/20,New Zealand,Test,No
74,244,180,8,0,41.11,4,run out,1,v Australia,Adelaide,12/17/20,Australia,Test,No
4,13,8,1,0,50,5,caught,3,v Australia,Adelaide,12/17/20,Australia,Test,No
11,69,48,0,0,22.91,4,caught,2,v England,Chennai,5/2/21,India,Test,No
72,153,104,9,0,69.23,4,bowled,4,v England,Chennai,5/2/21,India,Test,No
0,6,5,0,0,0,4,bowled,1,v England,Chennai,2/13/21,India,Test,No
62,200,149,7,0,41.61,4,lbw,3,v England,Chennai,2/13/21,India,Test,No
27,85,58,3,0,46.55,4,bowled,2,v England,Ahmedabad,2/24/21,India,Test,No
DNB,-,-,-,-,-,-,-,4,v England,Ahmedabad,2/24/21,India,Test,No
0,13,8,0,0,0,4,caught,2,v England,Ahmedabad,4/3/21,India,Test,No
44,196,132,1,0,33.33,4,lbw,1,v New Zealand,Southampton,6/18/21,England,Test,No
13,43,29,0,0,44.82,4,caught,3,v New Zealand,Southampton,6/18/21,England,Test,No
0,2,1,0,0,0,4,caught,2,v England,Nottingham,4/8/21,England,Test,No
DNB,-,-,-,-,-,-,-,4,v England,Nottingham,4/8/21,England,Test,No
42,152,103,3,0,40.77,4,caught,1,v England,Lord's,12/8/21,England,Test,No
20,54,31,4,0,64.51,4,caught,3,v England,Lord's,12/8/21,England,Test,No
7,31,17,1,0,41.17,4,caught,1,v England,Leeds,8/25/21,England,Test,No
55,173,125,8,0,44,4,caught,3,v England,Leeds,8/25/21,England,Test,No
50,133,96,8,0,52.08,4,caught,1,v England,The Oval,2/9/21,England,Test,No
44,151,96,7,0,45.83,4,caught,3,v England,The Oval,2/9/21,England,Test,No
0,8,4,0,0,0,4,lbw,1,v New Zealand,Wankhede,3/12/21,India,Test,No
36,111,84,1,1,42.85,4,bowled,3,v New Zealand,Wankhede,3/12/21,India,Test,No
35,108,94,4,0,37.23,4,caught,1,v South Africa,Centurion,12/26/21,South Africa,Test,No
18,41,32,4,0,56.25,5,caught,3,v South Africa,Centurion,12/26/21,South Africa,Test,No
79,273,201,12,1,39.3,4,caught,1,v South Africa,Cape Town,11/1/22,South Africa,Test,No
29,193,143,4,0,20.27,4,caught,3,v South Africa,Cape Town,11/1/22,South Africa,Test,No
45,106,76,5,0,59.21,4,bowled,1,v Sri Lanka,Mohali,4/3/22,India,Test,No
23,63,48,2,0,47.91,4,lbw,1,v Sri Lanka,Bengaluru,12/3/22,India,Test,No
13,27,16,1,0,81.25,4,lbw,3,v Sri Lanka,Bengaluru,12/3/22,India,Test,No
11,33,19,2,0,57.89,4,bowled,1,v England,Birmingham,1/7/22,England,Test,No
20,64,40,4,0,50,4,caught,3,v England,Birmingham,1/7/22,England,Test,No
12,33,22,1,0,54.54,2,lbw,1,v Sri Lanka,Dambulla,8/18/08,Sri Lanka,ODI,No
37,82,67,6,0,55.22,2,caught,2,v Sri Lanka,Dambulla,8/20/08,Sri Lanka,ODI,No
25,40,38,4,0,65.78,1,run out,1,v Sri Lanka,Colombo (RPS),8/24/08,Sri Lanka,ODI,No
54,87,66,7,0,81.81,1,bowled,1,v Sri Lanka,Colombo (RPS),8/27/08,Sri Lanka,ODI,Yes
31,45,46,3,1,67.39,1,lbw,2,v Sri Lanka,Colombo (RPS),8/29/08,Sri Lanka,ODI,No
2*,6,2,0,0,100,7,not out,1,v Sri Lanka,Colombo (RPS),9/14/09,Sri Lanka,ODI,No
16,28,24,1,0,66.66,4,caught,2,v Pakistan,Centurion,9/26/09,South Africa,ODI,No
TDNB,-,-,-,-,-,-,-,-,v Australia,Centurion,9/28/09,South Africa,ODI,No
79*,121,104,9,2,75.96,4,not out,2,v West Indies,Johannesburg,9/30/09,South Africa,ODI,Yes
30,53,41,3,0,73.17,4,caught,2,v Australia,Vadodara,10/25/09,India,ODI,No
10,32,16,1,0,62.5,3,caught,2,v Australia,Mohali,2/11/09,India,ODI,No
27,20,19,4,0,142.1,7,bowled,1,v Sri Lanka,Rajkot,12/15/09,India,ODI,No
54,93,65,7,0,83.07,4,lbw,1,v Sri Lanka,Nagpur,12/18/09,India,ODI,Yes
107,93,114,11,1,93.85,4,caught,2,v Sri Lanka,Eden Gardens,12/24/09,India,ODI,Yes
TDNB,-,-,-,-,-,-,-,-,v Sri Lanka,Delhi,12/27/09,India,ODI,No
9,19,12,1,0,75,3,caught,1,v Sri Lanka,Mirpur,5/1/10,Bangladesh,ODI,No
91,136,102,7,0,89.21,3,caught,2,v Bangladesh,Mirpur,7/1/10,Bangladesh,ODI,Yes
71*,98,68,9,0,104.41,3,not out,2,v Sri Lanka,Mirpur,10/1/10,Bangladesh,ODI,Yes
102*,128,95,11,0,107.36,3,not out,2,v Bangladesh,Mirpur,11/1/10,Bangladesh,ODI,Yes
2,6,8,0,0,25,3,caught,1,v Sri Lanka,Mirpur,1/13/10,Bangladesh,ODI,No
31,88,46,1,0,67.39,5,caught,1,v South Africa,Jaipur,2/21/10,India,ODI,No
DNB,-,-,-,-,-,-,-,1,v South Africa,Gwalior,2/24/10,India,ODI,No
57,78,71,4,1,80.28,3,caught,2,v South Africa,Ahmedabad,2/27/10,India,ODI,Yes
0,3,0,0,0,-,3,run out,1,v Zimbabwe,Bulawayo,5/28/10,Zimbabwe,ODI,No
82,125,92,4,0,89.13,3,caught,2,v Sri Lanka,Bulawayo,5/30/10,Zimbabwe,ODI,Yes
18,28,29,1,0,62.06,3,caught,1,v Zimbabwe,Harare,3/6/10,Zimbabwe,ODI,No
68,123,95,5,0,71.57,3,caught,1,v Sri Lanka,Harare,5/6/10,Zimbabwe,ODI,Yes
11,35,22,0,0,50,3,stumped,2,v Bangladesh,Dambulla,6/16/10,Sri Lanka,ODI,No
18,31,27,1,0,66.66,3,bowled,2,v Pakistan,Dambulla,6/19/10,Sri Lanka,ODI,No
10,13,14,1,0,71.42,3,caught,1,v Sri Lanka,Dambulla,6/22/10,Sri Lanka,ODI,No
28,57,34,4,0,82.35,3,caught,1,v Sri Lanka,Dambulla,6/24/10,Sri Lanka,ODI,No
0,5,3,0,0,0,3,caught,2,v Sri Lanka,Dambulla,8/16/10,Sri Lanka,ODI,No
8,22,16,1,0,50,3,caught,1,v New Zealand,Dambulla,8/25/10,Sri Lanka,ODI,No
37,98,57,5,0,64.91,3,caught,2,v Sri Lanka,Dambulla,8/28/10,Sri Lanka,ODI,No
118,193,121,11,1,97.52,3,caught,2,v Australia,Visakhapatnam,10/20/10,India,ODI,Yes
105,162,104,10,0,100.96,3,caught,1,v New Zealand,Guwahati,11/28/10,India,ODI,Yes
64,78,73,8,0,87.67,3,caught,2,v New Zealand,Jaipur,1/12/10,India,ODI,Yes
63*,83,70,6,2,90,3,not out,2,v New Zealand,Vadodara,4/12/10,India,ODI,Yes
0,3,2,0,0,0,3,caught,2,v New Zealand,Bengaluru,7/12/10,India,ODI,No
2,10,8,0,0,25,3,caught,2,v New Zealand,Chennai,10/12/10,India,ODI,No
54,122,70,2,1,77.14,3,caught,2,v South Africa,Durban,12/1/11,South Africa,ODI,Yes
22,43,34,1,0,64.7,3,run out,1,v South Africa,Johannesburg,1/15/11,South Africa,ODI,No
28,51,41,5,0,68.29,3,caught,2,v South Africa,Cape Town,1/18/11,South Africa,ODI,No
87*,126,92,7,2,94.56,3,not out,2,v South Africa,Gqeberha,1/21/11,South Africa,ODI,Yes
2,11,6,0,0,33.33,3,caught,2,v South Africa,Centurion,1/23/11,South Africa,ODI,No
100*,113,83,8,2,120.48,4,not out,1,v Bangladesh,Mirpur,2/19/11,Bangladesh,ODI,Yes
8,12,5,1,0,160,7,bowled,1,v England,Bengaluru,2/27/11,India,ODI,No
34,82,53,3,0,64.15,4,run out,2,v Ireland,Bengaluru,6/3/11,India,ODI,No
12,16,20,2,0,60,5,bowled,2,v Netherlands,Delhi,9/3/11,India,ODI,No
1,2,3,0,0,33.33,7,caught,1,v South Africa,Nagpur,12/3/11,India,ODI,No
59,128,76,5,0,77.63,3,bowled,1,v West Indies,Chennai,3/20/11,India,ODI,Yes
24,38,33,1,0,72.72,4,caught,2,v Australia,Ahmedabad,3/24/11,India,ODI,No
9,20,21,0,0,42.85,4,caught,1,v Pakistan,Mohali,3/30/11,India,ODI,No
35,69,49,4,0,71.42,4,caught,2,v Sri Lanka,Wankhede,2/4/11,India,ODI,No
2,5,8,0,0,25,3,caught,2,v West Indies,Port of Spain,6/6/11,West Indies,ODI,No
81,118,103,6,1,78.64,3,caught,2,v West Indies,Port of Spain,8/6/11,West Indies,ODI,Yes
0,1,1,0,0,0,3,lbw,2,v West Indies,North Sound,11/6/11,,ODI,No
22,68,33,1,0,66.66,3,stumped,2,v West Indies,North Sound,6/13/11,,ODI,No
94,135,104,10,0,90.38,3,run out,1,v West Indies,Kingston,6/16/11,West Indies,ODI,Yes
55,92,73,4,0,75.34,4,bowled,1,v England,Chester-le-Street,3/9/11,England,ODI,Yes
9,9,9,0,0,100,4,caught,1,v England,Southampton,6/9/11,England,ODI,No
7,18,18,0,0,38.88,4,caught,1,v England,The Oval,9/9/11,England,ODI,No
16,40,36,1,0,44.44,4,caught,1,v England,Lord's,11/9/11,England,ODI,No
107,102,93,9,1,115.05,4,hit wicket,1,v England,Cardiff,9/16/11,England,ODI,Yes
37,70,63,0,0,58.73,4,caught,1,v England,Hyderabad (Deccan),10/14/11,India,ODI,No
112*,134,98,16,0,114.28,4,not out,2,v England,Delhi,10/17/11,India,ODI,Yes
35,42,30,5,0,116.66,4,lbw,2,v England,Mohali,10/20/11,India,ODI,No
86*,100,99,11,0,86.86,4,not out,2,v England,Wankhede,10/23/11,India,ODI,Yes
0,5,5,0,0,0,3,bowled,1,v England,Eden Gardens,10/25/11,India,ODI,No
3,13,6,0,0,50,4,bowled,2,v West Indies,Cuttack,11/29/11,India,ODI,No
117,154,123,14,0,95.12,4,caught,2,v West Indies,Visakhapatnam,2/12/11,India,ODI,Yes
20,21,30,3,0,66.66,4,lbw,2,v West Indies,Ahmedabad,5/12/11,India,ODI,No
23*,15,11,3,0,209.09,6,not out,1,v West Indies,Indore,8/12/11,India,ODI,No
80,99,85,5,0,94.11,5,caught,1,v West Indies,Chennai,11/12/11,India,ODI,Yes
31,30,34,3,0,91.17,3,caught,2,v Australia,Melbourne,5/2/12,Australia,ODI,No
77,156,94,8,1,81.91,3,run out,2,v Sri Lanka,Perth,8/2/12,Australia,ODI,Yes
18,41,28,1,0,64.28,3,caught,2,v Australia,Adelaide,12/2/12,Australia,ODI,No
15,32,25,1,0,60,3,lbw,2,v Sri Lanka,Adelaide,2/14/12,Australia,ODI,No
12,44,25,0,0,48,3,caught,2,v Australia,Brisbane,2/19/12,Australia,ODI,No
66,116,83,2,0,79.51,4,caught,2,v Sri Lanka,Brisbane,2/21/12,Australia,ODI,Yes
21,36,27,2,0,77.77,4,caught,2,v Australia,Sydney,2/26/12,Australia,ODI,No
133*,133,86,16,2,154.65,4,not out,2,v Sri Lanka,Hobart,2/28/12,Australia,ODI,Yes
108,148,120,7,0,90,3,caught,1,v Sri Lanka,Mirpur,3/13/12,Bangladesh,ODI,Yes
66,126,82,5,0,80.48,3,bowled,1,v Bangladesh,Mirpur,3/16/12,Bangladesh,ODI,Yes
183,211,148,22,1,123.64,3,caught,2,v Pakistan,Mirpur,3/18/12,Bangladesh,ODI,Yes
106,158,113,9,0,93.8,3,caught,1,v Sri Lanka,Hambantota,7/21/12,Sri Lanka,ODI,Yes
1,6,5,0,0,20,3,caught,1,v Sri Lanka,Hambantota,7/24/12,Sri Lanka,ODI,No
38,80,65,2,0,58.46,3,caught,2,v Sri Lanka,Colombo (RPS),7/28/12,Sri Lanka,ODI,No
128*,187,119,12,1,107.56,3,not out,2,v Sri Lanka,Colombo (RPS),7/31/12,Sri Lanka,ODI,Yes
23,42,35,2,0,65.71,3,lbw,1,v Sri Lanka,Pallekele,4/8/12,Sri Lanka,ODI,No
0,9,5,0,0,0,3,bowled,1,v Pakistan,Chennai,12/30/12,India,ODI,No
6,12,9,1,0,66.66,3,caught,2,v Pakistan,Eden Gardens,3/1/13,India,ODI,No
7,25,17,1,0,41.17,3,caught,1,v Pakistan,Delhi,6/1/13,India,ODI,No
15,45,22,1,0,68.18,3,caught,2,v England,Rajkot,11/1/13,India,ODI,No
37,86,54,1,1,68.51,3,caught,1,v England,Kochi,1/15/13,India,ODI,No
77*,110,79,9,2,97.46,3,not out,2,v England,Ranchi,1/19/13,India,ODI,Yes
26,44,33,3,0,78.78,3,caught,2,v England,Mohali,1/23/13,India,ODI,No
0,1,1,0,0,0,3,caught,1,v England,Dharamsala,1/27/13,India,ODI,No
31,46,41,2,0,75.6,3,caught,1,v South Africa,Cardiff,6/6/13,England,ODI,No
22,18,18,4,0,122.22,3,bowled,2,v West Indies,The Oval,11/6/13,England,ODI,No
22*,36,27,3,0,81.48,3,not out,2,v Pakistan,Birmingham,6/15/13,England,ODI,No
58*,80,64,4,1,90.62,3,not out,2,v Sri Lanka,Cardiff,6/20/13,England,ODI,Yes
43,66,34,4,1,126.47,3,caught,1,v England,Birmingham,6/23/13,England,ODI,No
11,19,21,0,1,52.38,3,caught,1,v West Indies,Kingston,6/30/13,West Indies,ODI,No
2,6,5,0,0,40,4,caught,2,v Sri Lanka,Kingston,2/7/13,West Indies,ODI,No
102,120,83,13,2,122.89,3,caught,1,v West Indies,Port of Spain,5/7/13,West Indies,ODI,Yes
31,62,52,4,0,59.61,3,lbw,1,v Sri Lanka,Port of Spain,9/7/13,West Indies,ODI,No
2,8,5,0,0,40,3,caught,2,v Sri Lanka,Port of Spain,11/7/13,West Indies,ODI,No
115,133,108,13,1,106.48,3,caught,2,v Zimbabwe,Harare,7/24/13,Zimbabwe,ODI,Yes
14,35,18,2,0,77.77,3,caught,1,v Zimbabwe,Harare,7/26/13,Zimbabwe,ODI,No
68*,128,88,5,1,77.27,3,not out,2,v Zimbabwe,Harare,7/28/13,Zimbabwe,ODI,Yes
DNB,-,-,-,-,-,-,-,2,v Zimbabwe,Bulawayo,1/8/13,Zimbabwe,ODI,No
DNB,-,-,-,-,-,-,-,2,v Zimbabwe,Bulawayo,3/8/13,Zimbabwe,ODI,No
61,121,85,6,0,71.76,3,lbw,2,v Australia,Pune,10/13/13,India,ODI,Yes
100*,82,52,8,7,192.3,3,not out,2,v Australia,Jaipur,10/16/13,India,ODI,Yes
68,121,73,9,0,93.15,3,caught,1,v Australia,Mohali,10/19/13,India,ODI,Yes
DNB,-,-,-,-,-,-,-,2,v Australia,Ranchi,10/23/13,India,ODI,No
115*,104,66,18,1,174.24,3,not out,2,v Australia,Nagpur,10/30/13,India,ODI,Yes
0,4,3,0,0,0,3,run out,1,v Australia,Bengaluru,2/11/13,India,ODI,No
86,120,84,9,2,102.38,3,caught,2,v West Indies,Kochi,11/21/13,India,ODI,Yes
99,159,100,9,0,99,3,caught,1,v West Indies,Visakhapatnam,11/24/13,India,ODI,Yes
19,19,18,3,0,105.55,3,caught,2,v West Indies,Kanpur,11/27/13,India,ODI,No
31,41,35,5,0,88.57,3,caught,2,v South Africa,Johannesburg,5/12/13,South Africa,ODI,No
0,7,5,0,0,0,3,caught,2,v South Africa,Durban,8/12/13,South Africa,ODI,No
TDNB,-,-,-,-,-,-,-,-,v South Africa,Centurion,11/12/13,South Africa,ODI,No
123,179,111,11,2,110.81,3,caught,2,v New Zealand,Napier,1/19/14,New Zealand,ODI,Yes
78,88,65,7,2,120,3,caught,2,v New Zealand,Hamilton,1/22/14,New Zealand,ODI,Yes
6,27,20,1,0,30,3,caught,2,v New Zealand,Auckland,1/25/14,New Zealand,ODI,No
2,14,10,0,0,20,2,caught,1,v New Zealand,Hamilton,1/28/14,New Zealand,ODI,No
82,129,78,7,3,105.12,3,caught,2,v New Zealand,Wellington,1/31/14,New Zealand,ODI,Yes
136,157,122,16,2,111.47,3,bowled,2,v Bangladesh,Fatullah,2/26/14,Bangladesh,ODI,Yes
48,66,51,4,1,94.11,3,bowled,1,v Sri Lanka,Fatullah,2/28/14,Bangladesh,ODI,No
5,29,11,0,0,45.45,3,caught,1,v Pakistan,Mirpur,2/3/14,Bangladesh,ODI,No
DNB,-,-,-,-,-,-,-,2,v Afghanistan,Mirpur,5/3/14,Bangladesh,ODI,No
0,1,3,0,0,0,3,caught,1,v England,Cardiff,8/27/14,England,ODI,No
40,67,50,2,1,80,3,caught,2,v England,Nottingham,8/30/14,England,ODI,No
1*,9,3,0,0,33.33,3,not out,2,v England,Birmingham,2/9/14,England,ODI,No
13,25,21,2,0,61.9,3,caught,2,v England,Leeds,5/9/14,England,ODI,No
2,7,5,0,0,40,3,caught,2,v West Indies,Kochi,8/10/14,India,ODI,No
62,124,78,5,0,79.48,4,caught,1,v West Indies,Delhi,11/10/14,India,ODI,Yes
127,164,114,13,3,111.4,3,run out,1,v West Indies,Dharamsala,10/17/14,India,ODI,Yes
22,34,21,2,0,104.76,4,caught,1,v Sri Lanka,Cuttack,2/11/14,India,ODI,No
49,67,44,2,2,111.36,4,caught,2,v Sri Lanka,Ahmedabad,6/11/14,India,ODI,No
53,43,61,4,1,86.88,4,caught,2,v Sri Lanka,Hyderabad (Deccan),9/11/14,India,ODI,Yes
66,109,64,6,0,103.12,4,run out,1,v Sri Lanka,Eden Gardens,11/13/14,India,ODI,Yes
139*,192,126,12,3,110.31,4,not out,2,v Sri Lanka,Ranchi,11/16/14,India,ODI,Yes
9,24,16,0,0,56.25,4,caught,1,v Australia,Melbourne,1/18/15,Australia,ODI,No
4,13,8,0,0,50,4,caught,1,v England,Brisbane,1/20/15,Australia,ODI,No
3*,8,9,0,0,33.33,4,not out,1,v Australia,Sydney,1/26/15,Australia,ODI,No
8,26,19,0,0,42.1,3,caught,1,v England,Perth,1/30/15,Australia,ODI,No
107,168,126,8,0,84.92,3,caught,1,v Pakistan,Adelaide,2/15/15,Australia,ODI,Yes
46,106,60,3,0,76.66,3,caught,1,v South Africa,Melbourne,2/22/15,Australia,ODI,No
33*,49,41,5,0,80.48,3,not out,2,v U.A.E.,Perth,2/28/15,Australia,ODI,No
33,51,36,5,0,91.66,3,caught,2,v West Indies,Perth,6/3/15,Australia,ODI,No
44*,64,42,4,1,104.76,3,not out,2,v Ireland,Hamilton,10/3/15,New Zealand,ODI,No
38,71,48,4,0,79.16,3,bowled,2,v Zimbabwe,Auckland,3/14/15,New Zealand,ODI,No
3,6,8,0,0,37.5,3,caught,1,v Bangladesh,Melbourne,3/19/15,Australia,ODI,No
1,11,13,0,0,7.69,3,caught,2,v Australia,Sydney,3/26/15,Australia,ODI,No
1,9,4,0,0,25,3,caught,2,v Bangladesh,Mirpur,6/18/15,Bangladesh,ODI,No
23,57,27,3,1,85.18,3,lbw,1,v Bangladesh,Mirpur,6/21/15,Bangladesh,ODI,No
25,55,35,1,0,71.42,3,bowled,1,v Bangladesh,Mirpur,6/24/15,Bangladesh,ODI,No
11,29,18,0,0,61.11,4,caught,2,v South Africa,Kanpur,11/10/15,India,ODI,No
12,24,18,0,0,66.66,4,run out,1,v South Africa,Indore,10/14/15,India,ODI,No
77,155,99,5,0,77.77,3,caught,2,v South Africa,Rajkot,10/18/15,India,ODI,Yes
138,202,140,6,5,98.57,3,caught,1,v South Africa,Chennai,10/22/15,India,ODI,Yes
7,11,6,0,1,116.66,3,caught,2,v South Africa,Wankhede,10/25/15,India,ODI,No
91,148,97,9,1,93.81,3,caught,1,v Australia,Perth,12/1/16,Australia,ODI,Yes
59,84,67,4,0,88.05,3,run out,1,v Australia,Brisbane,1/15/16,Australia,ODI,Yes
117,174,117,7,2,100,3,caught,1,v Australia,Melbourne,1/17/16,Australia,ODI,Yes
106,131,92,11,1,115.21,3,caught,2,v Australia,Canberra,1/20/16,Australia,ODI,Yes
8,11,11,1,0,72.72,3,caught,2,v Australia,Sydney,1/23/16,Australia,ODI,No
85*,109,81,9,1,104.93,3,not out,2,v New Zealand,Dharamsala,10/16/16,India,ODI,Yes
9,18,13,1,0,69.23,3,caught,2,v New Zealand,Delhi,10/20/16,India,ODI,No
154*,202,134,16,1,114.92,3,not out,2,v New Zealand,Mohali,10/23/16,India,ODI,Yes
45,64,51,2,1,88.23,3,caught,2,v New Zealand,Ranchi,10/26/16,India,ODI,No
65,152,76,2,1,85.52,3,caught,1,v New Zealand,Visakhapatnam,10/29/16,India,ODI,Yes
122,147,105,8,5,116.19,3,caught,2,v England,Pune,1/15/17,India,ODI,Yes
8,6,5,2,0,160,3,caught,1,v England,Cuttack,1/19/17,India,ODI,No
55,81,63,8,0,87.3,3,caught,2,v England,Eden Gardens,1/22/17,India,ODI,Yes
81*,108,68,6,3,119.11,3,not out,1,v Pakistan,Birmingham,4/6/17,England,ODI,Yes
0,5,5,0,0,0,3,caught,1,v Sri Lanka,The Oval,8/6/17,England,ODI,No
76*,136,101,7,1,75.24,3,not out,2,v South Africa,The Oval,11/6/17,England,ODI,Yes
96*,96,78,13,0,123.07,3,not out,2,v Bangladesh,Birmingham,6/15/17,England,ODI,Yes
5,96,9,0,0,55.55,3,caught,2,v Pakistan,The Oval,6/18/17,England,ODI,No
32*,96,47,1,0,68.08,3,not out,1,v West Indies,Port of Spain,6/23/17,West Indies,ODI,No
87,96,66,4,4,131.81,3,caught,1,v West Indies,Port of Spain,6/25/17,West Indies,ODI,Yes
11,96,22,2,0,50,3,caught,1,v West Indies,North Sound,6/30/17,,ODI,No
3,68,12,0,0,25,3,caught,2,v West Indies,North Sound,2/7/17,,ODI,No
111*,96,115,12,2,96.52,3,not out,2,v West Indies,Kingston,6/7/17,West Indies,ODI,Yes
82*,96,70,10,1,117.14,3,not out,2,v Sri Lanka,Dambulla,8/20/17,Sri Lanka,ODI,Yes
4,56,2,1,0,200,5,bowled,2,v Sri Lanka,Pallekele,8/24/17,Sri Lanka,ODI,No
3,96,11,0,0,27.27,3,caught,2,v Sri Lanka,Pallekele,8/27/17,Sri Lanka,ODI,No
131,96,96,17,2,136.45,3,caught,1,v Sri Lanka,Colombo (RPS),8/31/17,Sri Lanka,ODI,Yes
110*,96,116,9,0,94.82,3,not out,2,v Sri Lanka,Colombo (RPS),3/9/17,Sri Lanka,ODI,Yes
0,7,4,0,0,0,3,caught,1,v Australia,Chennai,9/17/17,India,ODI,No
92,148,107,8,0,85.98,3,bowled,1,v Australia,Eden Gardens,9/21/17,India,ODI,Yes
28,58,35,2,0,80,3,caught,2,v Australia,Indore,9/24/17,India,ODI,No
21,23,21,3,0,100,3,bowled,2,v Australia,Bengaluru,9/28/17,India,ODI,No
39,73,55,2,0,70.9,3,caught,2,v Australia,Nagpur,1/10/17,India,ODI,No
121,203,125,9,2,96.8,3,caught,1,v New Zealand,Wankhede,10/22/17,India,ODI,Yes
29,40,29,3,1,100,3,caught,2,v New Zealand,Pune,10/25/17,India,ODI,No
113,166,106,9,1,106.6,3,caught,1,v New Zealand,Kanpur,10/29/17,India,ODI,Yes
112,164,119,10,0,94.11,3,caught,2,v South Africa,Durban,1/2/18,South Africa,ODI,Yes
46*,64,50,4,1,92,3,not out,2,v South Africa,Centurion,4/2/18,South Africa,ODI,No
160*,220,159,12,2,100.62,3,not out,1,v South Africa,Cape Town,7/2/18,South Africa,ODI,Yes
75,119,83,7,1,90.36,3,caught,1,v South Africa,Johannesburg,10/2/18,South Africa,ODI,Yes
36,76,54,2,0,66.66,3,run out,1,v South Africa,Gqeberha,2/13/18,South Africa,ODI,No
129*,123,96,19,2,134.37,3,not out,2,v South Africa,Centurion,2/16/18,South Africa,ODI,Yes
75,123,82,7,0,91.46,3,stumped,2,v England,Nottingham,12/7/18,England,ODI,Yes
45,98,56,2,0,80.35,3,lbw,2,v England,Lord's,7/14/18,England,ODI,No
71,98,72,8,0,98.61,3,bowled,1,v England,Leeds,7/17/18,England,ODI,Yes
140,217,107,21,2,130.84,3,stumped,2,v West Indies,Guwahati,10/21/18,India,ODI,Yes
157*,217,129,13,4,121.7,3,not out,1,v West Indies,Visakhapatnam,10/24/18,India,ODI,Yes
107,57,119,10,1,89.91,3,bowled,2,v West Indies,Pune,10/27/18,India,ODI,Yes
16,57,17,2,0,94.11,3,caught,1,v West Indies,Brabourne,10/29/18,India,ODI,No
33*,57,29,6,0,113.79,3,not out,2,v West Indies,Thiruvananthapuram,1/11/18,India,ODI,No
3,10,8,0,0,37.5,3,caught,2,v Australia,Sydney,12/1/19,Australia,ODI,No
104,150,112,5,2,92.85,3,caught,2,v Australia,Adelaide,1/15/19,Australia,ODI,Yes
46,59,62,3,0,74.19,3,caught,2,v Australia,Melbourne,1/18/19,Australia,ODI,No
45,59,59,3,0,76.27,3,caught,2,v New Zealand,Napier,1/23/19,New Zealand,ODI,No
43,59,45,5,0,95.55,3,caught,1,v New Zealand,Mount Maunganui,1/26/19,New Zealand,ODI,No
60,94,74,6,1,81.08,3,caught,2,v New Zealand,Mount Maunganui,1/28/19,New Zealand,ODI,Yes
44,94,45,6,1,97.77,3,lbw,2,v Australia,Hyderabad (Deccan),2/3/19,India,ODI,No
116,94,120,10,0,96.66,3,caught,1,v Australia,Nagpur,5/3/19,India,ODI,Yes
123,44,95,16,1,129.47,3,bowled,2,v Australia,Ranchi,8/3/19,India,ODI,Yes
7,44,6,1,0,116.66,4,caught,1,v Australia,Mohali,10/3/19,India,ODI,No
20,44,22,2,0,90.9,3,caught,2,v Australia,Delhi,3/13/19,India,ODI,No
18,44,34,1,0,52.94,3,caught,2,v South Africa,Southampton,5/6/19,England,ODI,No
82,128,77,4,2,106.49,3,caught,1,v Australia,The Oval,9/6/19,England,ODI,Yes
77,105,65,7,0,118.46,3,caught,1,v Pakistan,Manchester,6/16/19,England,ODI,Yes
67,105,63,5,0,106.34,3,caught,1,v Afghanistan,Southampton,6/22/19,England,ODI,Yes
72,146,82,8,0,87.8,3,caught,1,v West Indies,Manchester,6/27/19,England,ODI,Yes
66,103,76,7,0,86.84,3,caught,2,v England,Birmingham,6/30/19,England,ODI,Yes
26,45,27,3,0,96.29,3,caught,1,v Bangladesh,Birmingham,2/7/19,England,ODI,No
34*,61,41,3,0,82.92,3,not out,2,v Sri Lanka,Leeds,6/7/19,England,ODI,No
1,8,6,0,0,16.66,3,lbw,2,v New Zealand,Manchester,9/7/19,England,ODI,No
TDNB,-,-,-,-,-,-,-,-,v West Indies,Providence,8/8/19,West Indies,ODI,No
120,179,125,14,1,96,3,caught,1,v West Indies,Port of Spain,11/8/19,West Indies,ODI,Yes
114*,127,99,14,0,115.15,3,not out,2,v West Indies,Port of Spain,8/14/19,West Indies,ODI,Yes
4,88,4,1,0,100,3,bowled,1,v West Indies,Chennai,12/15/19,India,ODI,No
0,88,1,0,0,0,3,caught,1,v West Indies,Visakhapatnam,12/18/19,India,ODI,No
85,58,81,9,0,104.93,3,bowled,2,v West Indies,Cuttack,12/22/19,India,ODI,Yes
16,88,14,0,1,114.28,4,caught,1,v Australia,Wankhede,1/14/20,India,ODI,No
78,56,76,6,0,102.63,3,caught,1,v Australia,Rajkot,1/17/20,India,ODI,Yes
89,88,91,8,0,97.8,3,bowled,2,v Australia,Bengaluru,1/19/20,India,ODI,Yes
51,88,63,6,0,80.95,3,bowled,1,v New Zealand,Hamilton,5/2/20,New Zealand,ODI,Yes
15,31,25,1,0,60,3,bowled,2,v New Zealand,Auckland,8/2/20,New Zealand,ODI,No
9,20,12,0,1,75,3,caught,1,v New Zealand,Mount Maunganui,11/2/20,New Zealand,ODI,No
21,45,21,2,1,100,3,caught,2,v Australia,Sydney,11/27/20,Australia,ODI,No
89,56,87,7,2,102.29,3,caught,2,v Australia,Sydney,11/29/20,Australia,ODI,Yes
63,68,78,5,0,80.76,3,caught,1,v Australia,Canberra,2/12/20,Australia,ODI,Yes
56,65,60,6,0,93.33,3,caught,1,v England,Pune,3/23/21,India,ODI,Yes
66,110,79,3,1,83.54,3,caught,1,v England,Pune,3/26/21,India,ODI,Yes
7,14,10,1,0,70,3,bowled,1,v England,Pune,3/28/21,India,ODI,No
51,79,63,3,0,80.95,3,caught,2,v South Africa,Paarl,1/19/22,South Africa,ODI,Yes
0,4,5,0,0,0,3,caught,1,v South Africa,Paarl,1/21/22,South Africa,ODI,No
65,112,84,5,0,77.38,3,caught,2,v South Africa,Cape Town,1/23/22,South Africa,ODI,Yes
8,6,4,2,0,200,3,caught,2,v West Indies,Ahmedabad,6/2/22,India,ODI,No
18,42,30,3,0,60,3,caught,1,v West Indies,Ahmedabad,9/2/22,India,ODI,No
0,2,2,0,0,0,3,caught,1,v West Indies,Ahmedabad,11/2/22,India,ODI,No
16,39,25,3,0,64,3,caught,2,v England,Lord's,7/14/22,England,ODI,No
17,27,22,3,0,77.27,3,caught,2,v England,Manchester,7/17/22,England,ODI,No